{
    "Navi" : ["사이버 민원센터", "시민참여", "상수도 수질", "정보공개", "상수도소개"],
    "SubMenu" : [
        ["본부장에게 바란다", "질문과 답변", "부조리 신고센터", "칭찬해주세요", "정수장 견학", "온라인 설문", "주부모니터"],
        ["수질검사 항목", "수질기준 설명", "수질정보", "수돗물 평가위원회", "수돗물 품질보고서", "수질연구 조사사업", "수돗물의 안정성", "수질오염"],
        ["공공데이터개방", "행정정보", "생산정보", "급수정보", "계약정보", "사전정보공개"],
        ["본부장 인사말", "상수도비전", "일반정보", "법령정보", "상수도소식", "상수도정보", "산하기관 안내", "층별 안내도", "찾아오시는 길", "이용안내", "중대재해"]
    ],
    "Service":[
        "민원처리 결과", "수돗물 용어사전", "수돗물 안심확인제", "검침고지 안내", "요금계산", "직원검색", "전화번호 안내", "체납금조회"
    ],
    "ServiceMenu":[
        "요금조회 및 납부", "민원신청", "상수도 수질정보"
    ],
    "Notice" : {
        "Nav": ["공지사항","고시공고","입찰정보","보도자료","단수안내"],
        "Content":{
            "Notice_0":[[
                "4월 요금은 11일(화) 9시부터 정상 조회 가능합니다.",
                "3월 요금은 11일(토) 9시부터 정상 조회 가능합니다.",
                "2023년도 물이용부담금 부과계수 조정 안내",
                "2월 요금은 11일(토) 9시부터 정상 조회 가능합니다.",
                "★ 상수도 요금 현실화 안내"
            ],[
                "2023.04.07",
                "2023.03.02",
                "2023.02.08",
                "2023.02.02",
                "2023.01.09"
            ]],
            "Notice_1":[[
                "2023년 동부사업소 기간제근로자(배수관세척)채용공고",
                "불용품(폐수도미터기) 매각 입찰 공고",
                "2023년 동부사업소 기간제근로자(검침원)채용 공고",
                "상수도사업본부 달성사업소 기간제근로자 채용공고(수목관리 및 제초)",
                "재산압류 공시송달 공고"
            ],[
                "2023.03.30",
                "2023.03.16",
                "2023.03.08",
                "2023.03.07",
                "2023.03.02"
            ]],
            "Notice_2":[[
                "개찰결과(2023년 정수약품(폴리아민) 구입)",
                "소액수의(물품구매) 견적제출 안내 공고(자외선-가시광선 분광광도계 구매)",
                "소액수의(물품 제조구매) 견적제출 안내 공고(액화염소용기 제조구매)",
                "개찰결과(수질자동계측기기(TMS-TOC) 구매)",
                "소액수의(물품) 견적제출 안내공고(2023년 정수약품(폴리아민) 구입(단가계약))"
            ],[
                "2023.03.31",
                "2023.03.28",
                "2023.03.28",
                "2023.03.27",
                "2023.03.27"
            ]],
            "Notice_3":[[
                "대구시, 제한급수 완도군 보길도에‘청라수’지원(2023.3.14.(화))",
                "흐린 물 출수 예상 안내(2023.2.21.(화))",
                "우리 집 수돗물 수질, 현장에서 무료로 검사해 드려요(2023.2.20.(월))",
                "흐린 물 출수 예상 안내(2023.1.31.(화))",
                "깨끗하고 안전한 수돗물 공급을 위한 수질검사 강화(2023.1.26.(목))"
            ],[
                "2023.03.17",
                "2023.02.27",
                "2023.02.27",
                "2023.01.31",
                "2023.01.30"
            ]],
            "Notice_4":[[
                "흐린 물 출수 예상 안내",
                "흐린 물 출수 예상 안내",
                "흐린 물 출수 예상 안내",
                "흐린 물 출수 예상 안내",
                "흐린 물 출수 예상 안내"
            ],[
                "2022.06.29",
                "2022.05.25",
                "2022.05.11",
                "2022.05.09",
                "2022.04.29"
            ]]
        }
    },
    "ContentMenu" : [
        ["자주하는 질문", "검침 및 고지 안내", "업종별/구경별 요금표", "업체안내"],
        ["faq","notice","money","fix"]
    ],
    "SelectBox":{
        "Select_0":["산하기관 사이트", "시설연구소", "수질연구소","매곡정수사업소","고산정수사업소","가창정수사업소","죽곡정수사업소","문산정수사업소","중남부사업소","동부사업소","서부사업소","북부사업소","수성사업소","달서사업소","달성사업소"],
        "Select_1":["시/구/군 사이트","대구광역시","중구청","동구청","서구청","남구청","북구청","수성구청","달서구청","달성구청"],
        "Select_2":["관련기관 사이트", "서울상수도사업본부","인천상수도사업본부","대전상수도사업본부","부산상수도사업본부","광주상수도사업본부","울산상수도사업본부"]
    }
}